asset_tag,category_code,department,building,prior_failures_count,prior_work_orders_count,avg_repair_hours_so_far,life_used_percentage,failure_probability,risk_level,predicted_failure_30d
AST-IT-PC-00316,IT-PC,Computer Science Department,Engineering Building,11,16,19.61,124.33333333333331,0.7834,Critical Risk,1
AST-IT-PROJ-00285,IT-PROJ,Unknown,Administration Building,6,6,27.28,164.79166666666666,0.7478,Critical Risk,1
AST-IT-LAPTOP-00202,IT-LAPTOP,Artificial Intelligence Department,AI and Data Science Building,8,14,14.01,166.875,0.7426,Critical Risk,1
AST-IT-PC-00001,IT-PC,Electrical Engineering Department,Engineering Building,12,17,21.81,119.33333333333331,0.6915,Critical Risk,1
AST-IT-LAPTOP-00418,IT-LAPTOP,Computer Science Department,Engineering Building,10,16,16.31,83.95833333333333,0.6821,Critical Risk,1
AST-IT-PC-00099,IT-PC,Data Science Department,AI and Data Science Building,1,6,4.13,104.0,0.6619,Critical Risk,1
AST-IT-LAPTOP-00154,IT-LAPTOP,Computer Science Department,Engineering Building,9,15,14.91,130.0,0.5929,High Risk,1
AST-IT-PC-00243,IT-PC,Computer Science Department,Engineering Building,4,10,9.09,71.16666666666667,0.5757,High Risk,1
AST-LAB-OSC-00118,LAB-OSC,Computer Science Department,Engineering Building,0,3,1.59,68.08333333333334,0.5616,High Risk,1
AST-FURN-CHAIR-00255,FURN-CHAIR,Artificial Intelligence Department,AI and Data Science Building,0,0,2.08,97.26190476190476,0.5474,High Risk,1
AST-IT-PC-00292,IT-PC,Artificial Intelligence Department,AI and Data Science Building,5,10,13.76,110.0,0.5391,High Risk,1
AST-IT-PC-00096,IT-PC,Unknown,Administration Building,3,8,9.31,107.5,0.5034,High Risk,1
AST-IT-PC-00288,IT-PC,Artificial Intelligence Department,AI and Data Science Building,2,8,6.78,109.66666666666669,0.4966,High Risk,1
AST-LAB-OSC-00046,LAB-OSC,Computer Science Department,Engineering Building,3,6,17.04,41.333333333333336,0.4353,High Risk,1
AST-IT-PC-00049,IT-PC,Data Science Department,AI and Data Science Building,3,9,10.86,108.0,0.4241,High Risk,1
AST-IT-LAPTOP-00082,IT-LAPTOP,Computer Science Department,Engineering Building,4,10,8.17,77.08333333333334,0.4209,High Risk,1
AST-IT-PC-00291,IT-PC,Electrical Engineering Department,Engineering Building,1,7,3.31,52.5,0.408,High Risk,1
AST-IT-PROJ-00021,IT-PROJ,Electrical Engineering Department,Engineering Building,8,8,22.32,149.79166666666669,0.4077,High Risk,1
AST-FAC-AC-00233,FAC-AC,Unknown,Administration Building,4,16,9.99,83.02083333333333,0.3912,High Risk,1
AST-IT-PC-00241,IT-PC,Electrical Engineering Department,Engineering Building,1,7,3.29,105.5,0.3897,High Risk,1
AST-IT-PC-00149,IT-PC,Electrical Engineering Department,Engineering Building,2,7,4.04,92.16666666666666,0.3894,High Risk,1
AST-IT-PC-00409,IT-PC,Electrical Engineering Department,Engineering Building,2,7,12.86,54.16666666666666,0.3809,High Risk,1
AST-IT-PC-00052,IT-PC,Computer Science Department,Engineering Building,7,13,12.25,106.83333333333331,0.3749,High Risk,1
AST-IT-PROJ-00045,IT-PROJ,Unknown,Administration Building,7,7,23.66,131.875,0.3671,High Risk,1
AST-IT-PROJ-00381,IT-PROJ,Unknown,Administration Building,7,7,19.4,115.625,0.364,High Risk,1
AST-IT-PRINTER-00163,IT-PRINTER,Electrical Engineering Department,Engineering Building,3,12,7.25,93.83333333333331,0.3574,High Risk,1
AST-IT-PC-00124,IT-PC,Artificial Intelligence Department,AI and Data Science Building,6,12,20.92,109.0,0.3495,High Risk,1
AST-IT-PC-00002,IT-PC,Artificial Intelligence Department,AI and Data Science Building,2,8,10.35,111.5,0.3494,High Risk,1
AST-IT-PC-00240,IT-PC,Computer Science Department,Engineering Building,6,12,11.29,109.5,0.3492,High Risk,1
AST-IT-MONITOR-00201,IT-MONITOR,Data Science Department,AI and Data Science Building,1,4,1.48,88.33333333333333,0.3413,High Risk,1
AST-IT-PC-00217,IT-PC,Data Science Department,AI and Data Science Building,1,7,4.26,113.16666666666669,0.334,High Risk,1
AST-IT-PC-00005,IT-PC,Unknown,Administration Building,2,8,7.8,74.83333333333333,0.3331,High Risk,1
AST-FAC-AC-00017,FAC-AC,Electrical Engineering Department,Engineering Building,3,10,10.2,22.604166666666668,0.332,High Risk,1
AST-IT-MONITOR-00198,IT-MONITOR,Unknown,Administration Building,1,4,12.04,46.52777777777778,0.3314,High Risk,1
AST-IT-LAPTOP-00130,IT-LAPTOP,Artificial Intelligence Department,AI and Data Science Building,6,12,9.81,162.70833333333331,0.323,High Risk,1
AST-FURN-CHAIR-00278,FURN-CHAIR,Artificial Intelligence Department,AI and Data Science Building,2,2,31.54,48.69047619047619,0.3212,High Risk,1
AST-IT-PC-00120,IT-PC,Artificial Intelligence Department,AI and Data Science Building,4,10,8.02,90.66666666666666,0.3208,High Risk,1
AST-IT-PROJ-00309,IT-PROJ,Unknown,Administration Building,6,6,25.44,159.16666666666669,0.3187,High Risk,1
AST-IT-PC-00195,IT-PC,Unknown,Administration Building,3,9,6.31,137.33333333333334,0.3136,High Risk,1
AST-IT-PC-00100,IT-PC,Artificial Intelligence Department,AI and Data Science Building,1,6,8.97,111.5,0.3109,High Risk,1
AST-IT-PC-00051,IT-PC,Electrical Engineering Department,Engineering Building,3,9,6.63,69.16666666666667,0.309,High Risk,1
AST-IT-PC-00245,IT-PC,Electrical Engineering Department,Engineering Building,3,9,7.58,98.5,0.3007,Moderate Risk,0
AST-IT-PC-00219,IT-PC,Unknown,Administration Building,1,7,3.32,109.0,0.2957,Moderate Risk,0
AST-IT-PC-00169,IT-PC,Electrical Engineering Department,Engineering Building,1,7,7.66,81.66666666666667,0.2906,Moderate Risk,0
AST-IT-PC-00340,IT-PC,Unknown,Administration Building,1,7,6.48,112.83333333333334,0.2852,Moderate Risk,0
AST-IT-PC-00098,IT-PC,Computer Science Department,Engineering Building,2,7,12.09,100.33333333333334,0.2801,Moderate Risk,0
AST-IT-MONITOR-00271,IT-MONITOR,Electrical Engineering Department,Engineering Building,1,4,10.11,107.36111111111111,0.2764,Moderate Risk,0
AST-IT-PC-00363,IT-PC,Electrical Engineering Department,Engineering Building,0,6,1.86,83.66666666666667,0.276,Moderate Risk,0
AST-IT-PRINTER-00379,IT-PRINTER,Data Science Department,AI and Data Science Building,2,11,7.3,72.33333333333333,0.2744,Moderate Risk,0
AST-IT-MONITOR-00224,IT-MONITOR,Computer Science Department,Engineering Building,2,5,14.2,50.69444444444444,0.2724,Moderate Risk,0
AST-IT-PC-00389,IT-PC,Data Science Department,AI and Data Science Building,3,9,7.9,84.50000000000001,0.2708,Moderate Risk,0
AST-IT-LAPTOP-00251,IT-LAPTOP,Electrical Engineering Department,Engineering Building,3,9,7.77,130.0,0.2703,Moderate Risk,0
AST-IT-LAPTOP-00298,IT-LAPTOP,Artificial Intelligence Department,AI and Data Science Building,3,9,8.43,152.5,0.2689,Moderate Risk,0
AST-IT-PRINTER-00355,IT-PRINTER,Unknown,Administration Building,6,15,9.4,135.16666666666666,0.2665,Moderate Risk,0
AST-IT-LAPTOP-00227,IT-LAPTOP,Data Science Department,AI and Data Science Building,1,7,5.6,107.08333333333331,0.2523,Moderate Risk,0
AST-IT-SWITCH-00188,IT-SWITCH,Unknown,Administration Building,0,3,2.66,95.59523809523807,0.2517,Moderate Risk,0
AST-IT-PC-00048,IT-PC,Artificial Intelligence Department,AI and Data Science Building,2,8,4.28,122.5,0.2415,Moderate Risk,0
AST-IT-PRINTER-00259,IT-PRINTER,Unknown,Administration Building,2,11,7.38,126.66666666666666,0.2378,Moderate Risk,0
AST-IT-PC-00388,IT-PC,Computer Science Department,Engineering Building,1,7,5.4,51.0,0.2358,Moderate Risk,0
AST-FAC-UPS-00138,FAC-UPS,Computer Science Department,Engineering Building,5,11,13.48,124.16666666666669,0.2339,Moderate Risk,0
AST-IT-MONITOR-00367,IT-MONITOR,Electrical Engineering Department,Engineering Building,2,5,7.0,79.58333333333333,0.2309,Moderate Risk,0
AST-IT-PC-00220,IT-PC,Computer Science Department,Engineering Building,1,7,4.8,94.83333333333334,0.2272,Moderate Risk,0
AST-IT-PC-00387,IT-PC,Electrical Engineering Department,Engineering Building,1,7,8.8,88.66666666666667,0.2263,Moderate Risk,0
AST-IT-LAPTOP-00179,IT-LAPTOP,Unknown,Administration Building,2,8,11.55,88.54166666666666,0.2207,Moderate Risk,0
AST-FURN-CAB-00256,FURN-CAB,Computer Science Department,Engineering Building,1,1,11.13,56.73611111111111,0.2163,Moderate Risk,0
AST-IT-LAPTOP-00226,IT-LAPTOP,Artificial Intelligence Department,AI and Data Science Building,0,6,1.89,107.70833333333334,0.2158,Moderate Risk,0
AST-FURN-CAB-00280,FURN-CAB,Computer Science Department,Engineering Building,2,2,33.77,35.486111111111114,0.2158,Moderate Risk,0
AST-IT-PC-00290,IT-PC,Unknown,Administration Building,1,7,6.3,103.66666666666666,0.2139,Moderate Risk,0
AST-IT-MONITOR-00391,IT-MONITOR,Data Science Department,AI and Data Science Building,0,3,2.46,107.5,0.2131,Moderate Risk,0
AST-IT-PC-00410,IT-PC,Unknown,Administration Building,0,6,1.66,68.83333333333333,0.2129,Moderate Risk,0
AST-IT-MONITOR-00272,IT-MONITOR,Artificial Intelligence Department,AI and Data Science Building,2,5,10.34,99.58333333333331,0.212,Moderate Risk,0
AST-IT-LAPTOP-00370,IT-LAPTOP,Artificial Intelligence Department,AI and Data Science Building,2,7,12.57,84.58333333333333,0.2117,Moderate Risk,0
AST-IT-PROJ-00405,IT-PROJ,Unknown,Administration Building,5,5,19.59,173.33333333333334,0.2081,Moderate Risk,0
AST-IT-PC-00244,IT-PC,Unknown,Administration Building,1,7,4.28,86.16666666666667,0.2045,Moderate Risk,0
AST-IT-MONITOR-00007,IT-MONITOR,Data Science Department,AI and Data Science Building,3,6,12.01,115.27777777777776,0.203,Moderate Risk,0
AST-IT-PRINTER-00403,IT-PRINTER,Electrical Engineering Department,Engineering Building,1,10,3.56,68.33333333333333,0.2012,Moderate Risk,0
AST-IT-LAPTOP-00010,IT-LAPTOP,Unknown,Administration Building,0,4,1.68,41.04166666666666,0.1966,Moderate Risk,0
AST-IT-LAPTOP-00106,IT-LAPTOP,Unknown,Administration Building,3,9,8.36,171.04166666666666,0.1935,Moderate Risk,0
AST-IT-MONITOR-00080,IT-MONITOR,Electrical Engineering Department,Engineering Building,0,3,1.2,83.47222222222223,0.1922,Moderate Risk,0
AST-IT-MONITOR-00105,IT-MONITOR,Data Science Department,AI and Data Science Building,0,3,1.6,73.05555555555556,0.1885,Moderate Risk,0
AST-FURN-CHAIR-00303,FURN-CHAIR,Data Science Department,AI and Data Science Building,4,4,15.26,75.11904761904762,0.1879,Moderate Risk,0
AST-IT-PC-00125,IT-PC,Data Science Department,AI and Data Science Building,2,7,2.86,117.83333333333334,0.1878,Moderate Risk,0
AST-IT-PC-00194,IT-PC,Electrical Engineering Department,Engineering Building,1,7,4.48,76.33333333333333,0.1825,Moderate Risk,0
AST-IT-MONITOR-00392,IT-MONITOR,Data Science Department,AI and Data Science Building,3,6,11.29,107.63888888888889,0.1749,Moderate Risk,0
AST-IT-PC-00146,IT-PC,Artificial Intelligence Department,AI and Data Science Building,0,6,1.82,85.0,0.1746,Moderate Risk,0
AST-IT-PC-00192,IT-PC,Unknown,Administration Building,1,6,7.21,89.16666666666667,0.1745,Moderate Risk,0
AST-FURN-CHAIR-00230,FURN-CHAIR,Computer Science Department,Engineering Building,5,5,31.09,85.47619047619047,0.1742,Moderate Risk,0
AST-IT-LAPTOP-00203,IT-LAPTOP,Unknown,Administration Building,0,6,2.03,123.54166666666666,0.1732,Moderate Risk,0
AST-IT-MONITOR-00152,IT-MONITOR,Unknown,Administration Building,0,3,1.43,107.08333333333331,0.1725,Moderate Risk,0
AST-IT-PC-00216,IT-PC,Artificial Intelligence Department,AI and Data Science Building,2,7,7.15,136.33333333333331,0.1719,Moderate Risk,0
AST-IT-PC-00145,IT-PC,Data Science Department,AI and Data Science Building,0,6,1.63,135.5,0.1717,Moderate Risk,0
AST-IT-MONITOR-00345,IT-MONITOR,Unknown,Administration Building,1,4,9.28,52.63888888888889,0.171,Moderate Risk,0
AST-IT-MONITOR-00417,IT-MONITOR,Computer Science Department,Engineering Building,1,4,10.24,88.47222222222223,0.1698,Moderate Risk,0
AST-IT-MONITOR-00030,IT-MONITOR,Unknown,Administration Building,2,5,8.95,85.55555555555556,0.1648,Moderate Risk,0
AST-IT-MONITOR-00081,IT-MONITOR,Unknown,Administration Building,2,5,5.6,81.11111111111111,0.164,Moderate Risk,0
AST-IT-MONITOR-00393,IT-MONITOR,Electrical Engineering Department,Engineering Building,0,3,1.82,90.83333333333334,0.1634,Moderate Risk,0
AST-IT-LAPTOP-00155,IT-LAPTOP,Data Science Department,AI and Data Science Building,1,7,7.14,100.0,0.1628,Moderate Risk,0
AST-IT-SWITCH-00116,IT-SWITCH,Unknown,Administration Building,1,4,10.5,96.3095238095238,0.1613,Moderate Risk,0
AST-FAC-UPS-00162,FAC-UPS,Unknown,Administration Building,2,8,11.99,105.83333333333331,0.1602,Moderate Risk,0
AST-LAB-OSC-00022,LAB-OSC,Electrical Engineering Department,Engineering Building,1,4,6.25,29.58333333333333,0.1559,Moderate Risk,0
AST-IT-MONITOR-00006,IT-MONITOR,Computer Science Department,Engineering Building,1,4,8.9,75.97222222222223,0.1551,Moderate Risk,0
AST-IT-PC-00269,IT-PC,Computer Science Department,Engineering Building,0,6,1.65,136.83333333333331,0.1544,Moderate Risk,0
AST-IT-PC-00029,IT-PC,Data Science Department,AI and Data Science Building,0,6,1.8,78.66666666666667,0.1535,Moderate Risk,0
AST-IT-PC-00361,IT-PC,Unknown,Administration Building,0,6,1.28,128.5,0.1524,Moderate Risk,0
AST-LAB-3DP-00215,LAB-3DP,Electrical Engineering Department,Engineering Building,1,1,14.85,71.80555555555556,0.1513,Moderate Risk,0
AST-IT-PC-00317,IT-PC,Electrical Engineering Department,Engineering Building,0,6,1.5,138.66666666666669,0.1512,Moderate Risk,0
AST-IT-PC-00097,IT-PC,Electrical Engineering Department,Engineering Building,1,7,4.16,76.33333333333333,0.1497,Low Risk,0
AST-IT-LAPTOP-00371,IT-LAPTOP,Unknown,Administration Building,0,6,1.98,113.54166666666669,0.1486,Low Risk,0
AST-IT-MONITOR-00054,IT-MONITOR,Artificial Intelligence Department,AI and Data Science Building,0,3,2.19,76.52777777777779,0.1485,Low Risk,0
AST-FURN-DESK-00204,FURN-DESK,Computer Science Department,Engineering Building,2,3,28.38,41.833333333333336,0.1461,Low Risk,0
AST-IT-PC-00074,IT-PC,Computer Science Department,Engineering Building,0,6,1.23,131.83333333333331,0.146,Low Risk,0
AST-IT-MONITOR-00248,IT-MONITOR,Unknown,Administration Building,0,3,1.25,104.0277777777778,0.1459,Low Risk,0
AST-FURN-CHAIR-00350,FURN-CHAIR,Unknown,Administration Building,2,2,27.47,60.95238095238096,0.1456,Low Risk,0
AST-IT-PRINTER-00187,IT-PRINTER,Unknown,Administration Building,0,8,1.81,62.83333333333334,0.1441,Low Risk,0
AST-IT-PC-00341,IT-PC,Unknown,Administration Building,1,7,5.82,97.5,0.1422,Low Risk,0
AST-FAC-UPS-00330,FAC-UPS,Unknown,Administration Building,3,8,8.34,121.0,0.1408,Low Risk,0
AST-IT-PC-00314,IT-PC,Artificial Intelligence Department,AI and Data Science Building,2,8,10.07,124.33333333333331,0.1403,Low Risk,0
AST-LAB-OSC-00142,LAB-OSC,Unknown,Administration Building,1,4,12.45,27.916666666666668,0.1382,Low Risk,0
AST-LAB-3DP-00263,LAB-3DP,Data Science Department,AI and Data Science Building,3,3,16.71,106.11111111111111,0.1379,Low Risk,0
AST-FURN-CAB-00184,FURN-CAB,Computer Science Department,Engineering Building,2,2,28.26,54.513888888888886,0.1366,Low Risk,0
AST-IT-LAPTOP-00250,IT-LAPTOP,Computer Science Department,Engineering Building,0,5,1.61,94.79166666666666,0.1354,Low Risk,0
AST-FURN-CAB-00352,FURN-CAB,Computer Science Department,Engineering Building,1,1,45.92,30.000000000000004,0.1332,Low Risk,0
AST-IT-PC-00336,IT-PC,Computer Science Department,Engineering Building,0,5,1.97,57.49999999999999,0.1331,Low Risk,0
AST-FAC-UPS-00090,FAC-UPS,Artificial Intelligence Department,AI and Data Science Building,2,7,7.65,119.0,0.132,Low Risk,0
AST-IT-MONITOR-00009,IT-MONITOR,Electrical Engineering Department,Engineering Building,0,3,1.76,109.72222222222224,0.1301,Low Risk,0
AST-FURN-CHAIR-00111,FURN-CHAIR,Unknown,Administration Building,0,0,2.08,27.02380952380952,0.1287,Low Risk,0
AST-FURN-CHAIR-00062,FURN-CHAIR,Computer Science Department,Engineering Building,2,2,38.0,52.261904761904766,0.1264,Low Risk,0
AST-IT-PC-00411,IT-PC,Artificial Intelligence Department,AI and Data Science Building,3,8,5.99,60.83333333333333,0.1252,Low Risk,0
AST-IT-MONITOR-00246,IT-MONITOR,Computer Science Department,Engineering Building,1,3,17.03,86.38888888888889,0.1249,Low Risk,0
AST-IT-MONITOR-00127,IT-MONITOR,Computer Science Department,Engineering Building,0,2,1.84,80.83333333333333,0.1234,Low Risk,0
AST-IT-PC-00024,IT-PC,Unknown,Administration Building,1,7,3.36,123.5,0.1218,Low Risk,0
AST-IT-LAPTOP-00274,IT-LAPTOP,Unknown,Administration Building,1,7,7.33,77.08333333333334,0.1215,Low Risk,0
AST-FURN-CHAIR-00182,FURN-CHAIR,Unknown,Administration Building,0,0,2.08,28.214285714285715,0.1214,Low Risk,0
AST-IT-PC-00171,IT-PC,Data Science Department,AI and Data Science Building,0,6,1.55,97.5,0.1208,Low Risk,0
AST-IT-PC-00076,IT-PC,Unknown,Administration Building,0,6,1.94,65.66666666666666,0.1204,Low Risk,0
AST-IT-PC-00362,IT-PC,Computer Science Department,Engineering Building,0,6,1.67,77.83333333333334,0.1193,Low Risk,0
AST-IT-PC-00148,IT-PC,Computer Science Department,Engineering Building,0,5,1.81,51.0,0.1187,Low Risk,0
AST-IT-MONITOR-00318,IT-MONITOR,Computer Science Department,Engineering Building,0,3,1.92,79.30555555555556,0.1187,Low Risk,0
AST-IT-PC-00364,IT-PC,Artificial Intelligence Department,AI and Data Science Building,0,5,2.2,82.0,0.1182,Low Risk,0
AST-IT-PRINTER-00211,IT-PRINTER,Data Science Department,AI and Data Science Building,1,9,3.93,47.66666666666667,0.1173,Low Risk,0
AST-IT-PC-00170,IT-PC,Artificial Intelligence Department,AI and Data Science Building,1,7,4.3,61.16666666666667,0.1171,Low Risk,0
AST-IT-MONITOR-00222,IT-MONITOR,Computer Science Department,Engineering Building,1,4,3.79,96.11111111111111,0.1166,Low Risk,0
AST-IT-MONITOR-00297,IT-MONITOR,Electrical Engineering Department,Engineering Building,1,4,1.65,52.91666666666666,0.1158,Low Risk,0
AST-IT-PC-00123,IT-PC,Electrical Engineering Department,Engineering Building,0,6,1.61,54.16666666666666,0.1153,Low Risk,0
AST-IT-LAPTOP-00178,IT-LAPTOP,Unknown,Administration Building,0,3,1.93,28.750000000000004,0.115,Low Risk,0
AST-FURN-DESK-00277,FURN-DESK,Data Science Department,AI and Data Science Building,0,2,2.52,67.25,0.1145,Low Risk,0
AST-IT-LAPTOP-00059,IT-LAPTOP,Data Science Department,AI and Data Science Building,0,6,1.62,73.95833333333334,0.1135,Low Risk,0
AST-IT-PC-00053,IT-PC,Data Science Department,AI and Data Science Building,0,2,1.65,13.166666666666668,0.1128,Low Risk,0
AST-IT-PC-00313,IT-PC,Unknown,Administration Building,0,6,1.76,103.33333333333334,0.1103,Low Risk,0
AST-IT-MONITOR-00225,IT-MONITOR,Electrical Engineering Department,Engineering Building,1,4,10.87,38.333333333333336,0.11,Low Risk,0
AST-IT-PC-00268,IT-PC,Artificial Intelligence Department,AI and Data Science Building,0,6,1.71,116.16666666666666,0.1096,Low Risk,0
AST-IT-MONITOR-00128,IT-MONITOR,Computer Science Department,Engineering Building,2,5,12.25,90.55555555555556,0.1088,Low Risk,0
AST-IT-PC-00338,IT-PC,Artificial Intelligence Department,AI and Data Science Building,0,6,1.59,70.16666666666667,0.1081,Low Risk,0
AST-IT-LAPTOP-00299,IT-LAPTOP,Unknown,Administration Building,2,8,6.69,73.95833333333334,0.106,Low Risk,0
AST-IT-LAPTOP-00323,IT-LAPTOP,Data Science Department,AI and Data Science Building,1,7,6.88,83.125,0.1053,Low Risk,0
AST-IT-PC-00075,IT-PC,Unknown,Administration Building,2,6,6.63,32.83333333333333,0.1049,Low Risk,0
AST-IT-LAPTOP-00346,IT-LAPTOP,Unknown,Administration Building,0,6,2.01,85.0,0.1043,Low Risk,0
AST-IT-MONITOR-00247,IT-MONITOR,Data Science Department,AI and Data Science Building,2,5,11.53,63.19444444444444,0.1022,Low Risk,0
AST-IT-PC-00147,IT-PC,Unknown,Administration Building,0,6,1.57,85.33333333333334,0.1017,Low Risk,0
AST-IT-PROJ-00237,IT-PROJ,Data Science Department,AI and Data Science Building,0,0,2.08,83.95833333333333,0.1008,Low Risk,0
AST-IT-MONITOR-00200,IT-MONITOR,Computer Science Department,Engineering Building,0,3,2.48,96.5277777777778,0.1008,Low Risk,0
AST-IT-PC-00339,IT-PC,Electrical Engineering Department,Engineering Building,1,6,9.43,49.333333333333336,0.1002,Low Risk,0
AST-IT-PC-00412,IT-PC,Unknown,Administration Building,1,7,7.07,132.66666666666666,0.0992,Low Risk,0
AST-IT-PC-00168,IT-PC,Computer Science Department,Engineering Building,0,1,2.15,9.833333333333334,0.0987,Low Risk,0
AST-IT-PC-00408,IT-PC,Computer Science Department,Engineering Building,0,6,1.7,54.16666666666666,0.0985,Low Risk,0
AST-FURN-DESK-00132,FURN-DESK,Unknown,Administration Building,1,3,4.99,28.75,0.0982,Low Risk,0
AST-IT-PROJ-00357,IT-PROJ,Electrical Engineering Department,Engineering Building,0,0,2.08,106.66666666666669,0.097,Low Risk,0
AST-IT-LAPTOP-00395,IT-LAPTOP,Data Science Department,AI and Data Science Building,0,6,1.69,94.16666666666669,0.0956,Low Risk,0
AST-IT-PC-00293,IT-PC,Artificial Intelligence Department,AI and Data Science Building,2,8,10.47,55.833333333333336,0.0948,Low Risk,0
AST-IT-MONITOR-00343,IT-MONITOR,Data Science Department,AI and Data Science Building,0,3,1.17,72.50000000000001,0.0941,Low Risk,0
AST-IT-SWITCH-00212,IT-SWITCH,Artificial Intelligence Department,AI and Data Science Building,0,3,1.9,89.99999999999999,0.0931,Low Risk,0
AST-LAB-OSC-00190,LAB-OSC,Data Science Department,AI and Data Science Building,4,6,24.24,48.00000000000001,0.093,Low Risk,0
AST-LAB-OSC-00406,LAB-OSC,Unknown,Administration Building,1,4,3.93,42.083333333333336,0.0928,Low Risk,0
AST-FURN-DESK-00133,FURN-DESK,Unknown,Administration Building,0,2,1.9,44.66666666666666,0.0928,Low Risk,0
AST-IT-PC-00337,IT-PC,Electrical Engineering Department,Engineering Building,0,6,1.21,96.66666666666669,0.0927,Low Risk,0
AST-IT-PC-00265,IT-PC,Electrical Engineering Department,Engineering Building,0,4,2.41,31.166666666666664,0.0923,Low Risk,0
AST-IT-PRINTER-00139,IT-PRINTER,Electrical Engineering Department,Engineering Building,1,7,4.28,36.16666666666666,0.0921,Low Risk,0
AST-IT-PC-00121,IT-PC,Unknown,Administration Building,0,5,1.87,46.0,0.0918,Low Risk,0
AST-IT-MONITOR-00368,IT-MONITOR,Computer Science Department,Engineering Building,0,3,2.51,81.94444444444444,0.0916,Low Risk,0
AST-IT-PROJ-00165,IT-PROJ,Data Science Department,AI and Data Science Building,0,0,2.08,76.66666666666666,0.0913,Low Risk,0
AST-FURN-CAB-00064,FURN-CAB,Artificial Intelligence Department,AI and Data Science Building,0,0,2.08,26.944444444444443,0.0908,Low Risk,0
AST-LAB-OSC-00214,LAB-OSC,Computer Science Department,Engineering Building,0,3,2.11,26.25,0.0897,Low Risk,0
AST-IT-PROJ-00189,IT-PROJ,Electrical Engineering Department,Engineering Building,0,0,2.08,98.33333333333334,0.0895,Low Risk,0
AST-IT-LAPTOP-00347,IT-LAPTOP,Artificial Intelligence Department,AI and Data Science Building,0,4,2.47,49.375,0.0887,Low Risk,0
AST-FAC-AC-00377,FAC-AC,Electrical Engineering Department,Engineering Building,1,12,4.38,49.79166666666666,0.0867,Low Risk,0
AST-LAB-3DP-00119,LAB-3DP,Data Science Department,AI and Data Science Building,2,2,3.06,102.2222222222222,0.0864,Low Risk,0
AST-FURN-DESK-00348,FURN-DESK,Artificial Intelligence Department,AI and Data Science Building,1,2,16.94,9.000000000000002,0.0859,Low Risk,0
AST-IT-MONITOR-00078,IT-MONITOR,Computer Science Department,Engineering Building,0,2,1.41,80.0,0.0853,Low Risk,0
AST-IT-MONITOR-00249,IT-MONITOR,Unknown,Administration Building,2,5,8.9,95.41666666666669,0.0837,Low Risk,0
AST-IT-PROJ-00093,IT-PROJ,Electrical Engineering Department,Engineering Building,0,0,2.08,81.66666666666667,0.0833,Low Risk,0
AST-FURN-DESK-00060,FURN-DESK,Unknown,Administration Building,0,1,2.55,65.83333333333333,0.0833,Low Risk,0
AST-FURN-CAB-00016,FURN-CAB,Unknown,Administration Building,0,0,2.08,55.00000000000001,0.0825,Low Risk,0
AST-IT-MONITOR-00153,IT-MONITOR,Electrical Engineering Department,Engineering Building,0,3,2.12,76.52777777777779,0.0809,Low Risk,0
AST-IT-MONITOR-00177,IT-MONITOR,Unknown,Administration Building,0,3,2.65,64.58333333333334,0.0808,Low Risk,0
AST-FURN-DESK-00253,FURN-DESK,Electrical Engineering Department,Engineering Building,2,3,16.54,55.41666666666667,0.0805,Low Risk,0
AST-IT-PC-00122,IT-PC,Data Science Department,AI and Data Science Building,2,8,9.32,51.0,0.0803,Low Risk,0
AST-IT-MONITOR-00416,IT-MONITOR,Artificial Intelligence Department,AI and Data Science Building,0,3,1.41,68.75,0.0803,Low Risk,0
AST-FURN-CHAIR-00326,FURN-CHAIR,Computer Science Department,Engineering Building,0,0,2.08,89.16666666666667,0.0801,Low Risk,0
AST-LAB-3DP-00047,LAB-3DP,Electrical Engineering Department,Engineering Building,0,0,2.08,113.88888888888889,0.0793,Low Risk,0
AST-FURN-CHAIR-00063,FURN-CHAIR,Data Science Department,AI and Data Science Building,1,1,36.08,78.33333333333333,0.0792,Low Risk,0
AST-FURN-CAB-00112,FURN-CAB,Computer Science Department,Engineering Building,0,0,2.08,52.29166666666667,0.0791,Low Risk,0
AST-LAB-OSC-00286,LAB-OSC,Computer Science Department,Engineering Building,0,2,1.4,33.83333333333333,0.0782,Low Risk,0
AST-LAB-OSC-00238,LAB-OSC,Unknown,Administration Building,1,3,2.37,54.333333333333336,0.078,Low Risk,0
AST-IT-PC-00193,IT-PC,Data Science Department,AI and Data Science Building,0,6,1.74,59.16666666666666,0.0772,Low Risk,0
AST-LAB-3DP-00287,LAB-3DP,Data Science Department,AI and Data Science Building,0,0,2.08,72.50000000000001,0.0767,Low Risk,0
AST-FAC-UPS-00114,FAC-UPS,Artificial Intelligence Department,AI and Data Science Building,0,5,1.69,70.83333333333334,0.0766,Low Risk,0
AST-FAC-AC-00257,FAC-AC,Data Science Department,AI and Data Science Building,0,11,1.78,76.97916666666667,0.0765,Low Risk,0
AST-FURN-DESK-00373,FURN-DESK,Electrical Engineering Department,Engineering Building,0,2,1.83,32.0,0.0764,Low Risk,0
AST-FURN-CAB-00088,FURN-CAB,Computer Science Department,Engineering Building,2,2,34.92,34.583333333333336,0.0759,Low Risk,0
AST-FAC-UPS-00042,FAC-UPS,Computer Science Department,Engineering Building,0,5,2.56,75.83333333333333,0.0755,Low Risk,0
AST-IT-PRINTER-00235,IT-PRINTER,Artificial Intelligence Department,AI and Data Science Building,0,7,2.0,47.66666666666667,0.0752,Low Risk,0
AST-FURN-DESK-00397,FURN-DESK,Unknown,Administration Building,1,2,23.2,47.25,0.0751,Low Risk,0
AST-FURN-CHAIR-00158,FURN-CHAIR,Computer Science Department,Engineering Building,0,0,2.08,32.857142857142854,0.0745,Low Risk,0
AST-FURN-CHAIR-00207,FURN-CHAIR,Data Science Department,AI and Data Science Building,1,1,18.47,15.23809523809524,0.0741,Low Risk,0
AST-FURN-DESK-00301,FURN-DESK,Electrical Engineering Department,Engineering Building,2,3,25.86,57.333333333333336,0.0738,Low Risk,0
AST-FAC-UPS-00378,FAC-UPS,Computer Science Department,Engineering Building,1,7,3.97,130.16666666666666,0.0732,Low Risk,0
AST-IT-MONITOR-00079,IT-MONITOR,Data Science Department,AI and Data Science Building,0,3,1.49,51.527777777777786,0.0732,Low Risk,0
AST-IT-MONITOR-00295,IT-MONITOR,Unknown,Administration Building,1,3,5.44,57.638888888888886,0.0731,Low Risk,0
AST-IT-MONITOR-00129,IT-MONITOR,Electrical Engineering Department,Engineering Building,0,2,1.95,80.55555555555556,0.0728,Low Risk,0
AST-FURN-CAB-00208,FURN-CAB,Unknown,Administration Building,1,1,26.52,25.763888888888893,0.0728,Low Risk,0
AST-IT-MONITOR-00199,IT-MONITOR,Electrical Engineering Department,Engineering Building,0,3,2.18,79.72222222222221,0.0728,Low Risk,0
AST-IT-MONITOR-00126,IT-MONITOR,Electrical Engineering Department,Engineering Building,0,3,1.6,68.88888888888889,0.0727,Low Risk,0
AST-IT-LAPTOP-00322,IT-LAPTOP,Computer Science Department,Engineering Building,0,2,2.68,22.5,0.0726,Low Risk,0
AST-FAC-UPS-00258,FAC-UPS,Artificial Intelligence Department,AI and Data Science Building,0,6,2.22,68.66666666666667,0.0726,Low Risk,0
AST-IT-PROJ-00213,IT-PROJ,Unknown,Administration Building,0,0,2.08,43.125,0.0721,Low Risk,0
AST-IT-PC-00413,IT-PC,Electrical Engineering Department,Engineering Building,0,2,2.63,18.000000000000004,0.0721,Low Risk,0
AST-IT-LAPTOP-00131,IT-LAPTOP,Unknown,Administration Building,1,5,5.93,41.04166666666666,0.0717,Low Risk,0
AST-FAC-UPS-00066,FAC-UPS,Electrical Engineering Department,Engineering Building,0,6,1.16,98.0,0.0712,Low Risk,0
AST-IT-MONITOR-00104,IT-MONITOR,Artificial Intelligence Department,AI and Data Science Building,0,2,1.8,52.77777777777778,0.0708,Low Risk,0
AST-LAB-3DP-00071,LAB-3DP,Unknown,Administration Building,1,1,13.58,104.58333333333334,0.0706,Low Risk,0
AST-IT-PC-00242,IT-PC,Artificial Intelligence Department,AI and Data Science Building,0,3,1.62,29.5,0.0704,Low Risk,0
AST-IT-PC-00365,IT-PC,Data Science Department,AI and Data Science Building,0,5,2.19,47.66666666666667,0.07,Low Risk,0
AST-FURN-CAB-00376,FURN-CAB,Unknown,Administration Building,0,0,2.08,23.958333333333336,0.0695,Low Risk,0
AST-IT-MONITOR-00176,IT-MONITOR,Artificial Intelligence Department,AI and Data Science Building,0,3,2.04,53.05555555555556,0.0694,Low Risk,0
AST-IT-LAPTOP-00394,IT-LAPTOP,Artificial Intelligence Department,AI and Data Science Building,1,7,5.13,67.70833333333334,0.0687,Low Risk,0
AST-FAC-AC-00209,FAC-AC,Data Science Department,AI and Data Science Building,0,12,1.55,78.85416666666667,0.0686,Low Risk,0
AST-IT-MONITOR-00055,IT-MONITOR,Unknown,Administration Building,0,2,1.46,59.86111111111111,0.0682,Low Risk,0
AST-IT-PC-00025,IT-PC,Unknown,Administration Building,0,4,2.23,39.49999999999999,0.0682,Low Risk,0
AST-FURN-CHAIR-00110,FURN-CHAIR,Unknown,Administration Building,0,0,2.08,69.64285714285714,0.0668,Low Risk,0
AST-FURN-DESK-00300,FURN-DESK,Unknown,Administration Building,0,1,2.08,32.74999999999999,0.0658,Low Risk,0
AST-FURN-DESK-00036,FURN-DESK,Computer Science Department,Engineering Building,0,1,1.85,44.583333333333336,0.0653,Low Risk,0
AST-IT-PROJ-00261,IT-PROJ,Artificial Intelligence Department,AI and Data Science Building,0,0,2.08,22.5,0.0651,Low Risk,0
AST-LAB-OSC-00262,LAB-OSC,Artificial Intelligence Department,AI and Data Science Building,1,4,8.73,45.91666666666666,0.0647,Low Risk,0
AST-FURN-CHAIR-00038,FURN-CHAIR,Artificial Intelligence Department,AI and Data Science Building,0,0,2.08,57.26190476190476,0.0646,Low Risk,0
AST-IT-PROJ-00117,IT-PROJ,Unknown,Administration Building,0,0,2.08,55.41666666666667,0.0641,Low Risk,0
AST-IT-PC-00173,IT-PC,Computer Science Department,Engineering Building,0,3,2.11,28.000000000000004,0.0641,Low Risk,0
AST-FURN-CHAIR-00398,FURN-CHAIR,Computer Science Department,Engineering Building,0,0,2.08,79.28571428571428,0.0635,Low Risk,0
AST-FURN-DESK-00396,FURN-DESK,Unknown,Administration Building,0,1,2.9,53.25,0.0634,Low Risk,0
AST-FAC-AC-00281,FAC-AC,Electrical Engineering Department,Engineering Building,0,12,1.88,50.9375,0.0631,Low Risk,0
AST-LAB-OSC-00358,LAB-OSC,Computer Science Department,Engineering Building,0,2,1.65,17.25,0.062,Low Risk,0
AST-IT-PROJ-00333,IT-PROJ,Data Science Department,AI and Data Science Building,0,0,2.08,61.66666666666667,0.0616,Low Risk,0
AST-IT-PC-00144,IT-PC,Computer Science Department,Engineering Building,0,2,1.9,16.5,0.0614,Low Risk,0
AST-IT-MONITOR-00270,IT-MONITOR,Computer Science Department,Engineering Building,2,5,10.45,82.22222222222223,0.0612,Low Risk,0
AST-IT-PC-00218,IT-PC,Unknown,Administration Building,0,5,1.76,41.0,0.0603,Low Risk,0
AST-FURN-DESK-00276,FURN-DESK,Computer Science Department,Engineering Building,0,2,1.95,24.666666666666668,0.0603,Low Risk,0
AST-FURN-DESK-00325,FURN-DESK,Unknown,Administration Building,1,2,9.28,23.0,0.0602,Low Risk,0
AST-FURN-CAB-00328,FURN-CAB,Artificial Intelligence Department,AI and Data Science Building,0,0,2.08,25.833333333333336,0.0601,Low Risk,0
AST-IT-LAPTOP-00011,IT-LAPTOP,Electrical Engineering Department,Engineering Building,0,6,1.99,98.33333333333334,0.06,Low Risk,0
AST-IT-MONITOR-00344,IT-MONITOR,Artificial Intelligence Department,AI and Data Science Building,0,3,2.11,51.94444444444444,0.0595,Low Risk,0
AST-IT-MONITOR-00390,IT-MONITOR,Artificial Intelligence Department,AI and Data Science Building,0,3,1.27,39.72222222222223,0.0594,Low Risk,0
AST-FAC-AC-00305,FAC-AC,Unknown,Administration Building,0,11,1.63,39.89583333333333,0.0588,Low Risk,0
AST-IT-SWITCH-00260,IT-SWITCH,Computer Science Department,Engineering Building,1,4,9.15,53.57142857142857,0.0575,Low Risk,0
AST-FURN-CHAIR-00039,FURN-CHAIR,Data Science Department,AI and Data Science Building,0,0,2.08,66.66666666666666,0.0572,Low Risk,0
AST-FAC-UPS-00210,FAC-UPS,Computer Science Department,Engineering Building,0,5,2.29,62.0,0.0569,Low Risk,0
AST-IT-PROJ-00141,IT-PROJ,Data Science Department,AI and Data Science Building,0,0,2.08,65.625,0.0565,Low Risk,0
AST-LAB-OSC-00166,LAB-OSC,Artificial Intelligence Department,AI and Data Science Building,0,3,1.47,50.74999999999999,0.0562,Low Risk,0
AST-FURN-CHAIR-00279,FURN-CHAIR,Unknown,Administration Building,0,0,2.08,61.07142857142856,0.0561,Low Risk,0
AST-FURN-CHAIR-00086,FURN-CHAIR,Unknown,Administration Building,0,0,2.08,49.04761904761905,0.0561,Low Risk,0
AST-FAC-AC-00185,FAC-AC,Electrical Engineering Department,Engineering Building,1,10,3.33,26.666666666666668,0.0557,Low Risk,0
AST-IT-LAPTOP-00275,IT-LAPTOP,Electrical Engineering Department,Engineering Building,0,6,1.7,128.33333333333334,0.0555,Low Risk,0
AST-LAB-3DP-00191,LAB-3DP,Unknown,Administration Building,0,0,2.08,84.02777777777779,0.0552,Low Risk,0
AST-FURN-CHAIR-00135,FURN-CHAIR,Computer Science Department,Engineering Building,0,0,2.08,82.26190476190476,0.0551,Low Risk,0
AST-FURN-CAB-00136,FURN-CAB,Unknown,Administration Building,0,0,2.08,25.555555555555557,0.054,Low Risk,0
AST-LAB-OSC-00070,LAB-OSC,Unknown,Administration Building,0,3,2.08,58.25,0.0535,Low Risk,0
AST-IT-PRINTER-00091,IT-PRINTER,Unknown,Administration Building,0,5,2.34,32.83333333333333,0.0535,Low Risk,0
AST-IT-PC-00267,IT-PC,Data Science Department,AI and Data Science Building,1,6,4.87,46.0,0.0534,Low Risk,0
AST-LAB-3DP-00239,LAB-3DP,Unknown,Administration Building,0,0,2.08,70.55555555555554,0.0527,Low Risk,0
AST-IT-PRINTER-00283,IT-PRINTER,Unknown,Administration Building,2,7,11.34,32.83333333333333,0.0526,Low Risk,0
AST-FURN-DESK-00037,FURN-DESK,Electrical Engineering Department,Engineering Building,0,1,2.6,48.58333333333333,0.0523,Low Risk,0
AST-IT-MONITOR-00031,IT-MONITOR,Data Science Department,AI and Data Science Building,0,2,1.54,28.75,0.0519,Low Risk,0
AST-FURN-CHAIR-00134,FURN-CHAIR,Computer Science Department,Engineering Building,0,0,2.08,38.69047619047619,0.0514,Low Risk,0
AST-LAB-OSC-00310,LAB-OSC,Unknown,Administration Building,0,3,1.39,61.083333333333336,0.0514,Low Risk,0
AST-IT-PC-00315,IT-PC,Data Science Department,AI and Data Science Building,0,5,2.46,44.333333333333336,0.051,Low Risk,0
AST-FURN-CHAIR-00015,FURN-CHAIR,Unknown,Administration Building,0,0,2.08,25.83333333333333,0.0487,Low Risk,0
AST-FURN-CAB-00304,FURN-CAB,Unknown,Administration Building,0,0,2.08,37.708333333333336,0.0486,Low Risk,0
AST-FURN-CHAIR-00159,FURN-CHAIR,Electrical Engineering Department,Engineering Building,0,0,2.08,44.52380952380952,0.0483,Low Risk,0
AST-FURN-CHAIR-00302,FURN-CHAIR,Computer Science Department,Engineering Building,0,0,2.08,10.595238095238097,0.0479,Low Risk,0
AST-FURN-CHAIR-00351,FURN-CHAIR,Unknown,Administration Building,1,1,19.7,37.5,0.0477,Low Risk,0
AST-IT-PC-00101,IT-PC,Unknown,Administration Building,0,5,1.96,54.16666666666666,0.0476,Low Risk,0
AST-IT-PC-00312,IT-PC,Artificial Intelligence Department,AI and Data Science Building,1,6,6.92,52.5,0.0473,Low Risk,0
AST-IT-PC-00003,IT-PC,Data Science Department,AI and Data Science Building,0,4,1.72,32.83333333333333,0.0466,Low Risk,0
AST-IT-MONITOR-00296,IT-MONITOR,Computer Science Department,Engineering Building,0,3,2.64,38.333333333333336,0.0465,Low Risk,0
AST-IT-PC-00264,IT-PC,Unknown,Administration Building,0,2,2.13,19.666666666666668,0.0465,Low Risk,0
AST-FAC-UPS-00306,FAC-UPS,Computer Science Department,Engineering Building,0,6,2.09,128.5,0.0461,Low Risk,0
AST-FURN-CAB-00040,FURN-CAB,Unknown,Administration Building,0,0,2.08,36.66666666666666,0.046,Low Risk,0
AST-FAC-AC-00041,FAC-AC,Electrical Engineering Department,Engineering Building,0,12,1.94,76.66666666666666,0.046,Low Risk,0
AST-IT-LAPTOP-00107,IT-LAPTOP,Electrical Engineering Department,Engineering Building,0,5,1.38,107.29166666666669,0.0459,Low Risk,0
AST-FURN-CHAIR-00206,FURN-CHAIR,Artificial Intelligence Department,AI and Data Science Building,0,0,2.08,31.66666666666667,0.0455,Low Risk,0
AST-FURN-DESK-00013,FURN-DESK,Electrical Engineering Department,Engineering Building,0,1,2.37,25.5,0.0449,Low Risk,0
AST-FURN-CHAIR-00327,FURN-CHAIR,Electrical Engineering Department,Engineering Building,0,0,2.08,82.02380952380953,0.0448,Low Risk,0
AST-IT-PC-00289,IT-PC,Unknown,Administration Building,1,7,7.58,55.833333333333336,0.0447,Low Risk,0
AST-LAB-OSC-00094,LAB-OSC,Artificial Intelligence Department,AI and Data Science Building,0,3,2.42,61.25000000000001,0.0446,Low Risk,0
AST-LAB-OSC-00382,LAB-OSC,Computer Science Department,Engineering Building,1,3,6.72,14.000000000000002,0.0444,Low Risk,0
AST-FURN-CHAIR-00231,FURN-CHAIR,Data Science Department,AI and Data Science Building,0,0,2.08,49.88095238095238,0.0442,Low Risk,0
AST-FURN-DESK-00084,FURN-DESK,Artificial Intelligence Department,AI and Data Science Building,0,2,2.15,30.666666666666664,0.0432,Low Risk,0
AST-IT-PROJ-00069,IT-PROJ,Data Science Department,AI and Data Science Building,0,0,2.08,12.291666666666668,0.0432,Low Risk,0
AST-IT-MONITOR-00366,IT-MONITOR,Unknown,Administration Building,0,1,1.77,13.750000000000002,0.0431,Low Risk,0
AST-FURN-CHAIR-00087,FURN-CHAIR,Electrical Engineering Department,Engineering Building,0,0,2.08,39.88095238095239,0.043,Low Risk,0
AST-LAB-3DP-00167,LAB-3DP,Unknown,Administration Building,0,0,2.08,65.27777777777779,0.0428,Low Risk,0
AST-IT-PC-00384,IT-PC,Artificial Intelligence Department,AI and Data Science Building,0,4,1.23,34.5,0.0412,Low Risk,0
AST-FURN-DESK-00372,FURN-DESK,Computer Science Department,Engineering Building,0,1,2.45,40.583333333333336,0.0408,Low Risk,0
AST-FURN-DESK-00205,FURN-DESK,Electrical Engineering Department,Engineering Building,0,1,2.08,22.166666666666668,0.0407,Low Risk,0
AST-IT-SWITCH-00020,IT-SWITCH,Unknown,Administration Building,0,2,1.72,70.23809523809523,0.0399,Low Risk,0
AST-IT-MONITOR-00321,IT-MONITOR,Electrical Engineering Department,Engineering Building,1,3,14.74,34.166666666666664,0.0398,Low Risk,0
AST-IT-PC-00028,IT-PC,Artificial Intelligence Department,AI and Data Science Building,0,5,1.76,47.66666666666667,0.0389,Low Risk,0
AST-IT-PRINTER-00043,IT-PRINTER,Data Science Department,AI and Data Science Building,0,4,2.13,21.333333333333336,0.0382,Low Risk,0
AST-FURN-DESK-00228,FURN-DESK,Unknown,Administration Building,0,1,2.15,26.25,0.0381,Low Risk,0
AST-FURN-DESK-00229,FURN-DESK,Unknown,Administration Building,1,2,20.79,25.5,0.0376,Low Risk,0
AST-IT-PC-00197,IT-PC,Data Science Department,AI and Data Science Building,0,6,2.14,54.16666666666666,0.0367,Low Risk,0
AST-IT-SWITCH-00068,IT-SWITCH,Artificial Intelligence Department,AI and Data Science Building,0,3,1.24,64.52380952380953,0.0366,Low Risk,0
AST-IT-PC-00073,IT-PC,Electrical Engineering Department,Engineering Building,0,6,1.07,107.0,0.0366,Low Risk,0
AST-FAC-UPS-00186,FAC-UPS,Artificial Intelligence Department,AI and Data Science Building,0,5,1.67,62.33333333333333,0.0366,Low Risk,0
AST-IT-LAPTOP-00419,IT-LAPTOP,Electrical Engineering Department,Engineering Building,0,6,1.38,89.58333333333334,0.0365,Low Risk,0
AST-LAB-3DP-00335,LAB-3DP,Unknown,Administration Building,0,0,2.08,62.91666666666666,0.0365,Low Risk,0
AST-FURN-DESK-00180,FURN-DESK,Artificial Intelligence Department,AI and Data Science Building,0,1,2.53,8.25,0.0363,Low Risk,0
AST-FURN-DESK-00252,FURN-DESK,Artificial Intelligence Department,AI and Data Science Building,0,1,1.07,42.25000000000001,0.036,Low Risk,0
AST-IT-MONITOR-00320,IT-MONITOR,Unknown,Administration Building,0,2,1.62,28.75,0.0356,Low Risk,0
AST-FURN-CHAIR-00375,FURN-CHAIR,Data Science Department,AI and Data Science Building,0,0,2.08,38.69047619047619,0.0354,Low Risk,0
AST-IT-MONITOR-00056,IT-MONITOR,Computer Science Department,Engineering Building,0,2,1.72,31.52777777777778,0.0352,Low Risk,0
AST-LAB-3DP-00311,LAB-3DP,Electrical Engineering Department,Engineering Building,0,0,2.08,79.30555555555556,0.0351,Low Risk,0
AST-IT-PC-00072,IT-PC,Computer Science Department,Engineering Building,0,2,2.24,14.833333333333334,0.035,Low Risk,0
AST-IT-MONITOR-00103,IT-MONITOR,Electrical Engineering Department,Engineering Building,0,1,1.98,17.77777777777778,0.0348,Low Risk,0
AST-FURN-DESK-00181,FURN-DESK,Data Science Department,AI and Data Science Building,0,2,2.23,40.91666666666667,0.0341,Low Risk,0
AST-FAC-AC-00065,FAC-AC,Unknown,Administration Building,0,3,1.98,7.187500000000001,0.0338,Low Risk,0
AST-IT-PC-00077,IT-PC,Electrical Engineering Department,Engineering Building,0,3,1.52,29.5,0.0331,Low Risk,0
AST-FURN-CAB-00160,FURN-CAB,Artificial Intelligence Department,AI and Data Science Building,0,0,2.08,35.55555555555556,0.0322,Low Risk,0
AST-FAC-AC-00161,FAC-AC,Artificial Intelligence Department,AI and Data Science Building,0,11,1.43,46.14583333333333,0.0322,Low Risk,0
AST-IT-MONITOR-00102,IT-MONITOR,Computer Science Department,Engineering Building,0,2,2.53,23.33333333333333,0.0309,Low Risk,0
AST-FAC-AC-00401,FAC-AC,Unknown,Administration Building,0,11,1.67,38.645833333333336,0.0307,Low Risk,0
AST-LAB-3DP-00143,LAB-3DP,Electrical Engineering Department,Engineering Building,0,0,2.08,47.91666666666667,0.0305,Low Risk,0
AST-IT-MONITOR-00033,IT-MONITOR,Data Science Department,AI and Data Science Building,0,2,1.95,24.58333333333333,0.0305,Low Risk,0
AST-LAB-OSC-00334,LAB-OSC,Artificial Intelligence Department,AI and Data Science Building,0,3,1.4,30.666666666666664,0.0304,Low Risk,0
AST-FURN-CHAIR-00183,FURN-CHAIR,Unknown,Administration Building,0,0,2.08,37.5,0.0299,Low Risk,0
AST-IT-PRINTER-00019,IT-PRINTER,Unknown,Administration Building,0,2,2.78,8.166666666666668,0.0298,Low Risk,0
AST-FURN-DESK-00157,FURN-DESK,Unknown,Administration Building,0,1,2.4,4.916666666666667,0.0297,Low Risk,0
AST-IT-MONITOR-00174,IT-MONITOR,Computer Science Department,Engineering Building,0,2,2.25,20.55555555555556,0.0292,Low Risk,0
AST-IT-PC-00050,IT-PC,Unknown,Administration Building,0,4,1.4,37.83333333333333,0.0291,Low Risk,0
AST-IT-LAPTOP-00083,IT-LAPTOP,Electrical Engineering Department,Engineering Building,0,6,1.58,148.75,0.029,Low Risk,0
AST-IT-MONITOR-00175,IT-MONITOR,Data Science Department,AI and Data Science Building,1,3,7.74,32.916666666666664,0.0287,Low Risk,0
AST-FURN-DESK-00324,FURN-DESK,Artificial Intelligence Department,AI and Data Science Building,1,3,9.83,21.333333333333336,0.0285,Low Risk,0
AST-IT-PC-00027,IT-PC,Electrical Engineering Department,Engineering Building,0,4,1.43,36.16666666666666,0.0284,Low Risk,0
AST-IT-MONITOR-00032,IT-MONITOR,Computer Science Department,Engineering Building,0,1,2.3,15.000000000000002,0.0281,Low Risk,0
AST-FAC-AC-00113,FAC-AC,Electrical Engineering Department,Engineering Building,0,12,1.2,75.20833333333333,0.0279,Low Risk,0
AST-IT-MONITOR-00008,IT-MONITOR,Artificial Intelligence Department,AI and Data Science Building,0,2,2.21,34.166666666666664,0.0277,Low Risk,0
AST-IT-LAPTOP-00035,IT-LAPTOP,Unknown,Administration Building,0,2,1.9,24.583333333333336,0.0274,Low Risk,0
AST-IT-MONITOR-00151,IT-MONITOR,Data Science Department,AI and Data Science Building,1,2,44.58,20.55555555555556,0.027,Low Risk,0
AST-FAC-AC-00329,FAC-AC,Data Science Department,AI and Data Science Building,0,11,1.83,39.0625,0.0267,Low Risk,0
AST-LAB-3DP-00407,LAB-3DP,Unknown,Administration Building,0,0,2.08,32.916666666666664,0.0261,Low Risk,0
AST-LAB-3DP-00023,LAB-3DP,Unknown,Administration Building,0,0,2.08,15.000000000000002,0.026,Low Risk,0
AST-FURN-CAB-00400,FURN-CAB,Artificial Intelligence Department,AI and Data Science Building,0,0,2.08,14.374999999999998,0.026,Low Risk,0
AST-IT-SWITCH-00380,IT-SWITCH,Artificial Intelligence Department,AI and Data Science Building,1,4,7.23,49.76190476190476,0.026,Low Risk,0
AST-IT-SWITCH-00092,IT-SWITCH,Computer Science Department,Engineering Building,1,4,4.76,67.14285714285714,0.0258,Low Risk,0
AST-LAB-3DP-00359,LAB-3DP,Data Science Department,AI and Data Science Building,0,0,2.08,38.333333333333336,0.0253,Low Risk,0
AST-IT-MONITOR-00319,IT-MONITOR,Data Science Department,AI and Data Science Building,0,2,2.66,19.166666666666668,0.0253,Low Risk,0
AST-FAC-AC-00353,FAC-AC,Electrical Engineering Department,Engineering Building,0,4,1.52,11.25,0.0252,Low Risk,0
AST-FURN-DESK-00109,FURN-DESK,Data Science Department,AI and Data Science Building,0,1,2.4,9.833333333333334,0.0248,Low Risk,0
AST-IT-SWITCH-00236,IT-SWITCH,Artificial Intelligence Department,AI and Data Science Building,0,1,1.52,7.023809523809524,0.0244,Low Risk,0
AST-IT-MONITOR-00150,IT-MONITOR,Artificial Intelligence Department,AI and Data Science Building,0,2,1.5,31.52777777777778,0.0242,Low Risk,0
AST-FURN-DESK-00061,FURN-DESK,Unknown,Administration Building,1,2,12.56,17.25,0.024,Low Risk,0
AST-IT-PC-00172,IT-PC,Unknown,Administration Building,0,5,1.03,41.0,0.0238,Low Risk,0
AST-FAC-UPS-00234,FAC-UPS,Computer Science Department,Engineering Building,0,4,1.36,37.83333333333333,0.0232,Low Risk,0
AST-IT-SWITCH-00284,IT-SWITCH,Unknown,Administration Building,0,3,1.41,55.23809523809524,0.0228,Low Risk,0
AST-IT-PC-00221,IT-PC,Unknown,Administration Building,0,3,1.57,23.0,0.0226,Low Risk,0
AST-IT-PC-00196,IT-PC,Artificial Intelligence Department,AI and Data Science Building,0,2,2.64,13.166666666666668,0.0226,Low Risk,0
AST-IT-SWITCH-00356,IT-SWITCH,Unknown,Administration Building,0,3,1.87,43.6904761904762,0.0215,Low Risk,0
AST-FURN-DESK-00156,FURN-DESK,Artificial Intelligence Department,AI and Data Science Building,0,1,1.48,19.75,0.0214,Low Risk,0
AST-IT-PRINTER-00307,IT-PRINTER,Electrical Engineering Department,Engineering Building,0,5,1.93,28.000000000000004,0.0208,Low Risk,0
AST-FURN-CHAIR-00374,FURN-CHAIR,Artificial Intelligence Department,AI and Data Science Building,0,0,2.08,16.428571428571427,0.0207,Low Risk,0
AST-IT-PC-00360,IT-PC,Unknown,Administration Building,0,1,1.65,8.166666666666668,0.0198,Low Risk,0
AST-FURN-CHAIR-00254,FURN-CHAIR,Computer Science Department,Engineering Building,0,0,2.08,9.404761904761903,0.0195,Low Risk,0
AST-LAB-3DP-00383,LAB-3DP,Electrical Engineering Department,Engineering Building,1,1,41.62,42.50000000000001,0.0192,Low Risk,0
AST-LAB-3DP-00095,LAB-3DP,Data Science Department,AI and Data Science Building,0,0,2.08,15.000000000000002,0.0191,Low Risk,0
AST-IT-PRINTER-00067,IT-PRINTER,Electrical Engineering Department,Engineering Building,0,4,1.55,26.333333333333336,0.0182,Low Risk,0
AST-IT-MONITOR-00273,IT-MONITOR,Unknown,Administration Building,0,1,2.75,17.77777777777778,0.0182,Low Risk,0
AST-FURN-DESK-00012,FURN-DESK,Artificial Intelligence Department,AI and Data Science Building,0,1,0.73,14.000000000000002,0.0176,Low Risk,0
AST-IT-MONITOR-00057,IT-MONITOR,Computer Science Department,Engineering Building,0,1,2.82,12.36111111111111,0.0169,Low Risk,0
AST-IT-SWITCH-00404,IT-SWITCH,Artificial Intelligence Department,AI and Data Science Building,0,1,1.47,11.785714285714285,0.0156,Low Risk,0
AST-IT-SWITCH-00140,IT-SWITCH,Artificial Intelligence Department,AI and Data Science Building,0,1,1.98,9.404761904761903,0.0148,Low Risk,0
AST-FURN-DESK-00108,FURN-DESK,Computer Science Department,Engineering Building,0,1,0.9,14.75,0.0146,Low Risk,0
AST-IT-SWITCH-00308,IT-SWITCH,Artificial Intelligence Department,AI and Data Science Building,0,3,1.18,44.40476190476191,0.0144,Low Risk,0
AST-FURN-CHAIR-00399,FURN-CHAIR,Data Science Department,AI and Data Science Building,0,0,2.08,5.833333333333333,0.0138,Low Risk,0
AST-IT-MONITOR-00414,IT-MONITOR,Computer Science Department,Engineering Building,0,1,1.43,15.000000000000002,0.0136,Low Risk,0
AST-FAC-UPS-00354,FAC-UPS,Artificial Intelligence Department,AI and Data Science Building,0,2,2.2,24.666666666666668,0.0127,Low Risk,0
AST-IT-SWITCH-00164,IT-SWITCH,Computer Science Department,Engineering Building,0,2,1.59,20.0,0.0127,Low Risk,0
AST-IT-PC-00004,IT-PC,Unknown,Administration Building,0,3,0.97,21.333333333333336,0.0114,Low Risk,0
AST-IT-MONITOR-00294,IT-MONITOR,Unknown,Administration Building,0,3,1.19,35.55555555555556,0.011,Low Risk,0
AST-IT-MONITOR-00223,IT-MONITOR,Unknown,Administration Building,0,1,0.75,15.000000000000002,0.0098,Low Risk,0
AST-FAC-UPS-00018,FAC-UPS,Artificial Intelligence Department,AI and Data Science Building,0,3,1.82,29.5,0.0094,Low Risk,0
AST-IT-PC-00386,IT-PC,Unknown,Administration Building,0,2,0.78,14.833333333333334,0.0092,Low Risk,0
AST-IT-SWITCH-00332,IT-SWITCH,Computer Science Department,Engineering Building,0,2,0.65,42.26190476190476,0.009,Low Risk,0
AST-IT-PRINTER-00115,IT-PRINTER,Unknown,Administration Building,0,3,1.16,19.666666666666668,0.0085,Low Risk,0
AST-IT-MONITOR-00415,IT-MONITOR,Data Science Department,AI and Data Science Building,0,2,1.13,23.33333333333333,0.0085,Low Risk,0
AST-IT-SWITCH-00044,IT-SWITCH,Artificial Intelligence Department,AI and Data Science Building,0,3,1.67,37.5,0.0068,Low Risk,0
AST-IT-MONITOR-00369,IT-MONITOR,Data Science Department,AI and Data Science Building,0,1,0.55,16.38888888888889,0.0068,Low Risk,0
AST-IT-PC-00266,IT-PC,Computer Science Department,Engineering Building,0,1,0.5,8.166666666666668,0.0054,Low Risk,0
AST-FAC-UPS-00282,FAC-UPS,Data Science Department,AI and Data Science Building,0,3,0.83,26.333333333333336,0.0041,Low Risk,0
